age,charge,bmi
18,1725.5523,33.77
28,4449.462,33
33,21984.47061,22.705
32,3866.8552,28.88
31,3756.6216,25.74
46,8240.5896,33.44
37,7281.5056,27.74
37,6406.4107,29.83
60,28923.13692,25.84
25,2721.3208,26.22
23,1826.843,34.4
56,11090.7178,39.82
19,1837.237,24.6
52,10797.3362,30.78
23,2395.17155,23.845
56,10602.385,40.3
60,13228.84695,36.005
30,4149.736,32.4
18,1137.011,34.1
37,6203.90175,28.025
