age,charge,bmi
19,16884.924,27.9
62,27808.7251,26.29
27,39611.7577,42.13
30,36837.467,35.3
34,37701.8768,31.92
31,38711,36.3
22,35585.576,35.6
28,51194.55914,36.4
35,39774.2763,36.67
60,48173.361,39.9
36,38709.176,35.2
48,23568.272,28
36,37742.5757,34.43
58,47496.49445,36.955
18,34303.1672,31.68
53,23244.7902,22.88
20,14711.7438,22.42
28,17663.1442,23.98
27,16577.7795,24.75
22,37165.1638,37.62
